0;64746ad0f2b84ce2af1f1b627c735866;chapter;;;;Advanced Rails;/64746ad0f2b84ce2af1f1b627c735866;;
0;1851635ba4914b078743b4d834916648;sequential;;;;1851635ba4914b078743b4d834916648;/64746ad0f2b84ce2af1f1b627c735866/1851635ba4914b078743b4d834916648;;
0;2fd1d56fbdc94fc7842cd93ca2047097;vertical;;;;Lecture Video;/64746ad0f2b84ce2af1f1b627c735866/1851635ba4914b078743b4d834916648/2fd1d56fbdc94fc7842cd93ca2047097;;
0;d5d2f2b330e643338e18105617349c77;vertical;;;;Peer-Learning Question;/64746ad0f2b84ce2af1f1b627c735866/1851635ba4914b078743b4d834916648/d5d2f2b330e643338e18105617349c77;;
0;05258065a61a4b2c900b5eee50844aed;vertical;;;;Peer-Learning Question Video;/64746ad0f2b84ce2af1f1b627c735866/1851635ba4914b078743b4d834916648/05258065a61a4b2c900b5eee50844aed;;
0;f1833d117fca42a7ad530e1ed39a1f2e;sequential;;;;f1833d117fca42a7ad530e1ed39a1f2e;/64746ad0f2b84ce2af1f1b627c735866/f1833d117fca42a7ad530e1ed39a1f2e;;
0;ef2d265c74fa434aba25c21e2e53dcd0;vertical;;;;Lecture Video;/64746ad0f2b84ce2af1f1b627c735866/f1833d117fca42a7ad530e1ed39a1f2e/ef2d265c74fa434aba25c21e2e53dcd0;;
0;46875ad902fb4ba685759e161e32406f;vertical;;;;Peer-Learning Question;/64746ad0f2b84ce2af1f1b627c735866/f1833d117fca42a7ad530e1ed39a1f2e/46875ad902fb4ba685759e161e32406f;;
0;d9711e7dfc3d47e99e0eb0776b44ce0c;vertical;;;;Peer-Learning Question Video;/64746ad0f2b84ce2af1f1b627c735866/f1833d117fca42a7ad530e1ed39a1f2e/d9711e7dfc3d47e99e0eb0776b44ce0c;;
0;d82ff0c3f1e2465a995949d9debc6fd2;sequential;;;;d82ff0c3f1e2465a995949d9debc6fd2;/64746ad0f2b84ce2af1f1b627c735866/d82ff0c3f1e2465a995949d9debc6fd2;;
0;07c92f460c704648a82b577d05502384;vertical;;;;Lecture Video;/64746ad0f2b84ce2af1f1b627c735866/d82ff0c3f1e2465a995949d9debc6fd2/07c92f460c704648a82b577d05502384;;
0;4660f2c65fdd4e2e91ae17e72fae4c2a;sequential;;;;4660f2c65fdd4e2e91ae17e72fae4c2a;/64746ad0f2b84ce2af1f1b627c735866/4660f2c65fdd4e2e91ae17e72fae4c2a;;
0;3dd1f4c5a9e9454a96d187499aa700c8;vertical;;;;Lecture Video;/64746ad0f2b84ce2af1f1b627c735866/4660f2c65fdd4e2e91ae17e72fae4c2a/3dd1f4c5a9e9454a96d187499aa700c8;;
0;5ea6e1d3b8f64c48b6d1746765e271bb;vertical;;;;Peer-Learning Question;/64746ad0f2b84ce2af1f1b627c735866/4660f2c65fdd4e2e91ae17e72fae4c2a/5ea6e1d3b8f64c48b6d1746765e271bb;;
0;bf9c782fe6b14a729ccd09c2cd354194;vertical;;;;Peer-Learning Question Video ;/64746ad0f2b84ce2af1f1b627c735866/4660f2c65fdd4e2e91ae17e72fae4c2a/bf9c782fe6b14a729ccd09c2cd354194;;
0;aef5d56575834b6daf6f48d8767c32cf;sequential;;;;aef5d56575834b6daf6f48d8767c32cf;/64746ad0f2b84ce2af1f1b627c735866/aef5d56575834b6daf6f48d8767c32cf;;
0;438911fd266b40ba84842355dda123ad;vertical;;;;Lecture Video;/64746ad0f2b84ce2af1f1b627c735866/aef5d56575834b6daf6f48d8767c32cf/438911fd266b40ba84842355dda123ad;;
0;68407b1db3894861ae38c5e88947ebd8;vertical;;;;Peer-Learning Question;/64746ad0f2b84ce2af1f1b627c735866/aef5d56575834b6daf6f48d8767c32cf/68407b1db3894861ae38c5e88947ebd8;;
0;43aee6770a404ee7ae634dd64535b1fa;vertical;;;;Peer-Learning Question Video ;/64746ad0f2b84ce2af1f1b627c735866/aef5d56575834b6daf6f48d8767c32cf/43aee6770a404ee7ae634dd64535b1fa;;
0;14d32fc87502403dbc5e46573aae6096;sequential;;;;14d32fc87502403dbc5e46573aae6096;/64746ad0f2b84ce2af1f1b627c735866/14d32fc87502403dbc5e46573aae6096;;
0;4c13fb96bb834305b38da081ce499a96;vertical;;;;Lecture Video;/64746ad0f2b84ce2af1f1b627c735866/14d32fc87502403dbc5e46573aae6096/4c13fb96bb834305b38da081ce499a96;;
0;a941406cc60b4c70a0b956ebebd23d50;vertical;;;;Peer-Learning Question;/64746ad0f2b84ce2af1f1b627c735866/14d32fc87502403dbc5e46573aae6096/a941406cc60b4c70a0b956ebebd23d50;;
0;76b5f87366de4165b3583914503ccb27;vertical;;;;Peer-Learning Question Video ;/64746ad0f2b84ce2af1f1b627c735866/14d32fc87502403dbc5e46573aae6096/76b5f87366de4165b3583914503ccb27;;
0;75ab2eca1adf4549a9cef652cd48e679;sequential;;;;75ab2eca1adf4549a9cef652cd48e679;/64746ad0f2b84ce2af1f1b627c735866/75ab2eca1adf4549a9cef652cd48e679;;
0;51a3eda42637422fa01560e3c75cc74a;vertical;;;;Lecture Video;/64746ad0f2b84ce2af1f1b627c735866/75ab2eca1adf4549a9cef652cd48e679/51a3eda42637422fa01560e3c75cc74a;;
0;4b6ee9870f1e48919ced3ae5911f84f1;vertical;;;;Peer-Learning Question;/64746ad0f2b84ce2af1f1b627c735866/75ab2eca1adf4549a9cef652cd48e679/4b6ee9870f1e48919ced3ae5911f84f1;;
0;7014b6fff306433b88749db1f5daf735;vertical;;;;Peer-Learning Question Video;/64746ad0f2b84ce2af1f1b627c735866/75ab2eca1adf4549a9cef652cd48e679/7014b6fff306433b88749db1f5daf735;;
0;ebe067ccbbb54789870760ebae7cc5e8;sequential;;;;ebe067ccbbb54789870760ebae7cc5e8;/64746ad0f2b84ce2af1f1b627c735866/ebe067ccbbb54789870760ebae7cc5e8;;
0;a2ecd82612b44e7dba879e6c3470be89;vertical;;;;Lecture VIdeo;/64746ad0f2b84ce2af1f1b627c735866/ebe067ccbbb54789870760ebae7cc5e8/a2ecd82612b44e7dba879e6c3470be89;;
0;cfd8fc5538964ba9b1dda821ae87f7a2;vertical;;;;Peer-Learning Question;/64746ad0f2b84ce2af1f1b627c735866/ebe067ccbbb54789870760ebae7cc5e8/cfd8fc5538964ba9b1dda821ae87f7a2;;
0;ed8989cf81274301a5b6b6ab03058e04;vertical;;;;Peer-Learning Video;/64746ad0f2b84ce2af1f1b627c735866/ebe067ccbbb54789870760ebae7cc5e8/ed8989cf81274301a5b6b6ab03058e04;;
0;467ff8114253405487db518231efe212;sequential;;;;467ff8114253405487db518231efe212;/64746ad0f2b84ce2af1f1b627c735866/467ff8114253405487db518231efe212;;
0;f46426e080ab498282186b45775e6e24;vertical;;;;Lecture Video;/64746ad0f2b84ce2af1f1b627c735866/467ff8114253405487db518231efe212/f46426e080ab498282186b45775e6e24;;
0;c2449916b28947b485f32c5722eeb30c;vertical;;;;Peer-Learning Question;/64746ad0f2b84ce2af1f1b627c735866/467ff8114253405487db518231efe212/c2449916b28947b485f32c5722eeb30c;;
0;7829f3480325413f952586598836a532;vertical;;;;Peer-Learning Question Video ;/64746ad0f2b84ce2af1f1b627c735866/467ff8114253405487db518231efe212/7829f3480325413f952586598836a532;;
0;5469b72fd8cf417988523a0bf9ad3cdd;sequential;;;;5469b72fd8cf417988523a0bf9ad3cdd;/64746ad0f2b84ce2af1f1b627c735866/5469b72fd8cf417988523a0bf9ad3cdd;;
0;4ba86636b4ab46c8b36d659e9df24a31;vertical;;;;Lecture Video;/64746ad0f2b84ce2af1f1b627c735866/5469b72fd8cf417988523a0bf9ad3cdd/4ba86636b4ab46c8b36d659e9df24a31;;
0;8c65d40e1ea44ca29c4b75c9e9e253ac;vertical;;;;Peer-Learning Question;/64746ad0f2b84ce2af1f1b627c735866/5469b72fd8cf417988523a0bf9ad3cdd/8c65d40e1ea44ca29c4b75c9e9e253ac;;
0;43dbb36012b94acc9fa8094242914909;chapter;;;;Enhancing SaaS with JavaScript;/43dbb36012b94acc9fa8094242914909;;
0;7d3526131f3d419b8fcc0348f0489473;sequential;;;;7d3526131f3d419b8fcc0348f0489473;/43dbb36012b94acc9fa8094242914909/7d3526131f3d419b8fcc0348f0489473;;
0;3c02fedcbfe745a2baad1748d4379e80;vertical;;;;Lecture Video;/43dbb36012b94acc9fa8094242914909/7d3526131f3d419b8fcc0348f0489473/3c02fedcbfe745a2baad1748d4379e80;;
0;0190fae14c2f4b52b90f0458bac658a9;vertical;;;;Peer-Learning Question;/43dbb36012b94acc9fa8094242914909/7d3526131f3d419b8fcc0348f0489473/0190fae14c2f4b52b90f0458bac658a9;;
0;f2daf2ee792b416c9a7889648d3048c5;vertical;;;;Peer-Learning Question Video;/43dbb36012b94acc9fa8094242914909/7d3526131f3d419b8fcc0348f0489473/f2daf2ee792b416c9a7889648d3048c5;;
0;c8dff00399a34bb1ae469c6c2c9a27fc;sequential;;;;c8dff00399a34bb1ae469c6c2c9a27fc;/43dbb36012b94acc9fa8094242914909/c8dff00399a34bb1ae469c6c2c9a27fc;;
0;cf6234a751824db18a7525e25337150b;vertical;;;;Lecture Video;/43dbb36012b94acc9fa8094242914909/c8dff00399a34bb1ae469c6c2c9a27fc/cf6234a751824db18a7525e25337150b;;
0;632ab611e57742fc8df57f772ccc2be3;vertical;;;;Peer-Learning Question;/43dbb36012b94acc9fa8094242914909/c8dff00399a34bb1ae469c6c2c9a27fc/632ab611e57742fc8df57f772ccc2be3;;
0;af379d8176294987b135413ba6a3ae9a;vertical;;;;Peer-Learning Question Video;/43dbb36012b94acc9fa8094242914909/c8dff00399a34bb1ae469c6c2c9a27fc/af379d8176294987b135413ba6a3ae9a;;
0;bf841473944647bcb5dbd4220162d5fb;sequential;;;;bf841473944647bcb5dbd4220162d5fb;/43dbb36012b94acc9fa8094242914909/bf841473944647bcb5dbd4220162d5fb;;
0;3a516868130e44a695f1315ec220f313;vertical;;;;Lecture Video;/43dbb36012b94acc9fa8094242914909/bf841473944647bcb5dbd4220162d5fb/3a516868130e44a695f1315ec220f313;;
0;6b69e72934d4462fb1b40b47f063eb5d;vertical;;;;Peer-Learning Question;/43dbb36012b94acc9fa8094242914909/bf841473944647bcb5dbd4220162d5fb/6b69e72934d4462fb1b40b47f063eb5d;;
0;e8de6a3801ec422283eb889f06976e4d;vertical;;;;Peer-Learning Question Video;/43dbb36012b94acc9fa8094242914909/bf841473944647bcb5dbd4220162d5fb/e8de6a3801ec422283eb889f06976e4d;;
0;b5a4213f3d954b158ec9cfccbc83bb35;sequential;;;;b5a4213f3d954b158ec9cfccbc83bb35;/43dbb36012b94acc9fa8094242914909/b5a4213f3d954b158ec9cfccbc83bb35;;
0;eed27718176643d292f514327b0d006f;vertical;;;;Lecture Video;/43dbb36012b94acc9fa8094242914909/b5a4213f3d954b158ec9cfccbc83bb35/eed27718176643d292f514327b0d006f;;
0;b2750bd2b3734f939f95ef495c1596b1;vertical;;;;Peer-Learning Question;/43dbb36012b94acc9fa8094242914909/b5a4213f3d954b158ec9cfccbc83bb35/b2750bd2b3734f939f95ef495c1596b1;;
0;00c6738b98264f0a93a4bea099f01a12;vertical;;;;Peer-Learning Question Video;/43dbb36012b94acc9fa8094242914909/b5a4213f3d954b158ec9cfccbc83bb35/00c6738b98264f0a93a4bea099f01a12;;
0;dcd7de17527940d0b861d18a026c7ef3;sequential;;;;dcd7de17527940d0b861d18a026c7ef3;/43dbb36012b94acc9fa8094242914909/dcd7de17527940d0b861d18a026c7ef3;;
0;85ee25bf01c34e999d21f4765e36acdd;vertical;;;;Lecture Video;/43dbb36012b94acc9fa8094242914909/dcd7de17527940d0b861d18a026c7ef3/85ee25bf01c34e999d21f4765e36acdd;;
0;6cb01b285b7b4e90a5e83f082b28d0a8;vertical;;;;Peer-Learning Question;/43dbb36012b94acc9fa8094242914909/dcd7de17527940d0b861d18a026c7ef3/6cb01b285b7b4e90a5e83f082b28d0a8;;
0;0248d79e7c32459a9492614ab13ff9e5;vertical;;;;Peer-Learning Question Video;/43dbb36012b94acc9fa8094242914909/dcd7de17527940d0b861d18a026c7ef3/0248d79e7c32459a9492614ab13ff9e5;;
0;45859620d03345639b93f03689ef6cbb;sequential;;;;45859620d03345639b93f03689ef6cbb;/43dbb36012b94acc9fa8094242914909/45859620d03345639b93f03689ef6cbb;;
0;811f1beca792452eb632c8edadadecf3;vertical;;;;Lecture Video;/43dbb36012b94acc9fa8094242914909/45859620d03345639b93f03689ef6cbb/811f1beca792452eb632c8edadadecf3;;
0;2b48c23797fe45aab2a47b7b40f0f246;vertical;;;;Peer-Learning Question;/43dbb36012b94acc9fa8094242914909/45859620d03345639b93f03689ef6cbb/2b48c23797fe45aab2a47b7b40f0f246;;
0;ec91148c76784a61b886639a20bc34f5;vertical;;;;Peer-Learning Question Video;/43dbb36012b94acc9fa8094242914909/45859620d03345639b93f03689ef6cbb/ec91148c76784a61b886639a20bc34f5;;
0;1158193b27e74f6cbbdea34ddc4eab97;sequential;;;;1158193b27e74f6cbbdea34ddc4eab97;/43dbb36012b94acc9fa8094242914909/1158193b27e74f6cbbdea34ddc4eab97;;
0;381763df5c3d48e4a971ba3e50d857bc;vertical;;;;Lecture Video;/43dbb36012b94acc9fa8094242914909/1158193b27e74f6cbbdea34ddc4eab97/381763df5c3d48e4a971ba3e50d857bc;;
0;58b4feb50bb94742a85cf5dab0c82360;vertical;;;;Peer-Learning Question;/43dbb36012b94acc9fa8094242914909/1158193b27e74f6cbbdea34ddc4eab97/58b4feb50bb94742a85cf5dab0c82360;;
0;cae0e5fb9bf64cdb90187f24b6ac1030;vertical;;;;Peer-Learning Question Video;/43dbb36012b94acc9fa8094242914909/1158193b27e74f6cbbdea34ddc4eab97/cae0e5fb9bf64cdb90187f24b6ac1030;;
0;87baf41bf5794c6ca96ee7f2ed3f2076;sequential;;;;87baf41bf5794c6ca96ee7f2ed3f2076;/43dbb36012b94acc9fa8094242914909/87baf41bf5794c6ca96ee7f2ed3f2076;;
0;7c46b0785f9b46b29148874f5b7eb6c0;vertical;;;;Lecture Video;/43dbb36012b94acc9fa8094242914909/87baf41bf5794c6ca96ee7f2ed3f2076/7c46b0785f9b46b29148874f5b7eb6c0;;
0;23b2508c20bd4865825e3cabd80a4963;vertical;;;;Peer-Learning Question;/43dbb36012b94acc9fa8094242914909/87baf41bf5794c6ca96ee7f2ed3f2076/23b2508c20bd4865825e3cabd80a4963;;
0;253b56105f78407abe2acbc7b7244ab3;vertical;;;;Peer-Learning Question Video;/43dbb36012b94acc9fa8094242914909/87baf41bf5794c6ca96ee7f2ed3f2076/253b56105f78407abe2acbc7b7244ab3;;
0;23ed123774ab451cb0370cde2505dcb1;sequential;;;;23ed123774ab451cb0370cde2505dcb1;/43dbb36012b94acc9fa8094242914909/23ed123774ab451cb0370cde2505dcb1;;
0;0f9588d022fa4a08875560854b351227;vertical;;;;Lecture Video;/43dbb36012b94acc9fa8094242914909/23ed123774ab451cb0370cde2505dcb1/0f9588d022fa4a08875560854b351227;;
0;ca48f872f28c461c8b518d3af0c8c47b;vertical;;;;Peer-Learning Question;/43dbb36012b94acc9fa8094242914909/23ed123774ab451cb0370cde2505dcb1/ca48f872f28c461c8b518d3af0c8c47b;;
0;59c096f6b7cf4bffba63a1503d8ea8ee;sequential;;;;59c096f6b7cf4bffba63a1503d8ea8ee;/43dbb36012b94acc9fa8094242914909/59c096f6b7cf4bffba63a1503d8ea8ee;;
0;7af2cbde2bd84e2e806a637d686a7d95;vertical;;;;Lecture Video;/43dbb36012b94acc9fa8094242914909/59c096f6b7cf4bffba63a1503d8ea8ee/7af2cbde2bd84e2e806a637d686a7d95;;
0;2f16bd22a4084864a4845a145b896b37;vertical;;;;Peer-Learning Question;/43dbb36012b94acc9fa8094242914909/59c096f6b7cf4bffba63a1503d8ea8ee/2f16bd22a4084864a4845a145b896b37;;
0;a395e80d26c146ceab3ba3e12b19e801;sequential;;;;a395e80d26c146ceab3ba3e12b19e801;/43dbb36012b94acc9fa8094242914909/a395e80d26c146ceab3ba3e12b19e801;;
0;4c8899a6e94e4a10a02506032de4361e;vertical;;;;Peer-Learning Question;/43dbb36012b94acc9fa8094242914909/a395e80d26c146ceab3ba3e12b19e801/4c8899a6e94e4a10a02506032de4361e;;
0;b6b36beffcde4fb4bcbf17bbb3e170c7;chapter;;;;Project Management;/b6b36beffcde4fb4bcbf17bbb3e170c7;;
0;c7ae7efe974c4709a96b98c6d7413ed0;sequential;;;;c7ae7efe974c4709a96b98c6d7413ed0;/b6b36beffcde4fb4bcbf17bbb3e170c7/c7ae7efe974c4709a96b98c6d7413ed0;;
0;69a59404edf84c30b0ee9aa14b17ecf3;vertical;;;;Lecture;/b6b36beffcde4fb4bcbf17bbb3e170c7/c7ae7efe974c4709a96b98c6d7413ed0/69a59404edf84c30b0ee9aa14b17ecf3;;
0;fdbb33901c364b13b2699baa12e5c804;vertical;;;;Peer-Learning Question;/b6b36beffcde4fb4bcbf17bbb3e170c7/c7ae7efe974c4709a96b98c6d7413ed0/fdbb33901c364b13b2699baa12e5c804;;
0;76ffff513f05424f94013b534d5a06f1;vertical;;;;Peer-Learning Question Video;/b6b36beffcde4fb4bcbf17bbb3e170c7/c7ae7efe974c4709a96b98c6d7413ed0/76ffff513f05424f94013b534d5a06f1;;
0;c75af2b5dcff43d688a5c56a06495b96;sequential;;;;c75af2b5dcff43d688a5c56a06495b96;/b6b36beffcde4fb4bcbf17bbb3e170c7/c75af2b5dcff43d688a5c56a06495b96;;
0;bb04b8fbbbd54109ac9969e14fb3e3d8;vertical;;;;Lecture Video;/b6b36beffcde4fb4bcbf17bbb3e170c7/c75af2b5dcff43d688a5c56a06495b96/bb04b8fbbbd54109ac9969e14fb3e3d8;;
0;62cfa8fe180842128b84896ec78c88c3;vertical;;;;Peer-Learning Question;/b6b36beffcde4fb4bcbf17bbb3e170c7/c75af2b5dcff43d688a5c56a06495b96/62cfa8fe180842128b84896ec78c88c3;;
0;e08ca03f4ade42599b1ad2d120a56a65;vertical;;;;Peer-Learning Question Video;/b6b36beffcde4fb4bcbf17bbb3e170c7/c75af2b5dcff43d688a5c56a06495b96/e08ca03f4ade42599b1ad2d120a56a65;;
0;1853fd52087a447db6550864057ef709;sequential;;;;1853fd52087a447db6550864057ef709;/b6b36beffcde4fb4bcbf17bbb3e170c7/1853fd52087a447db6550864057ef709;;
0;bece7d2a2b9b401fb3ade5ebebd99069;vertical;;;;Lecture Video;/b6b36beffcde4fb4bcbf17bbb3e170c7/1853fd52087a447db6550864057ef709/bece7d2a2b9b401fb3ade5ebebd99069;;
0;dcca463fca924798b4bfe44f68590074;vertical;;;;Peer-Learning Question;/b6b36beffcde4fb4bcbf17bbb3e170c7/1853fd52087a447db6550864057ef709/dcca463fca924798b4bfe44f68590074;;
0;fe2687705a3143a09d6576c0d2a044b5;vertical;;;;Peer-Learning Question Video;/b6b36beffcde4fb4bcbf17bbb3e170c7/1853fd52087a447db6550864057ef709/fe2687705a3143a09d6576c0d2a044b5;;
0;21f33ef3d3ef4b13b4a26729439081da;sequential;;;;21f33ef3d3ef4b13b4a26729439081da;/b6b36beffcde4fb4bcbf17bbb3e170c7/21f33ef3d3ef4b13b4a26729439081da;;
0;7c94017a61aa46f1b20f471f824bdf60;vertical;;;;Lecture Video;/b6b36beffcde4fb4bcbf17bbb3e170c7/21f33ef3d3ef4b13b4a26729439081da/7c94017a61aa46f1b20f471f824bdf60;;
0;07f9144399d14bc78b2b3909c263c14b;vertical;;;;Peer-Learning Question;/b6b36beffcde4fb4bcbf17bbb3e170c7/21f33ef3d3ef4b13b4a26729439081da/07f9144399d14bc78b2b3909c263c14b;;
0;5797446398184659876cbf7923604449;vertical;;;;Peer-Learning Question Video;/b6b36beffcde4fb4bcbf17bbb3e170c7/21f33ef3d3ef4b13b4a26729439081da/5797446398184659876cbf7923604449;;
0;c7028fd384c341169de13a877693319f;sequential;;;;c7028fd384c341169de13a877693319f;/b6b36beffcde4fb4bcbf17bbb3e170c7/c7028fd384c341169de13a877693319f;;
0;c1c28971e83d4ab19b7d47c64a39db3c;vertical;;;;Lecture Video;/b6b36beffcde4fb4bcbf17bbb3e170c7/c7028fd384c341169de13a877693319f/c1c28971e83d4ab19b7d47c64a39db3c;;
0;167965a7c2104e1fa3b399440abc763d;chapter;;;;Design Patterns for SaaS;/167965a7c2104e1fa3b399440abc763d;;
0;2a5c2da605df4ac09265ff845bfa9a88;sequential;;;;2a5c2da605df4ac09265ff845bfa9a88;/167965a7c2104e1fa3b399440abc763d/2a5c2da605df4ac09265ff845bfa9a88;;
0;a68701d3535c447aa5b5dc761d861c1b;vertical;;;;Lecture Video;/167965a7c2104e1fa3b399440abc763d/2a5c2da605df4ac09265ff845bfa9a88/a68701d3535c447aa5b5dc761d861c1b;;
0;67957c2024f84ac9b56aad2d16c667ca;vertical;;;;Peer-Learning Question;/167965a7c2104e1fa3b399440abc763d/2a5c2da605df4ac09265ff845bfa9a88/67957c2024f84ac9b56aad2d16c667ca;;
0;ce0aed7d820d44feb8c129c1e3e98a0f;vertical;;;;Peer-Learning Question Video;/167965a7c2104e1fa3b399440abc763d/2a5c2da605df4ac09265ff845bfa9a88/ce0aed7d820d44feb8c129c1e3e98a0f;;
0;9b33d666084c48618340e5e62e63e930;sequential;;;;9b33d666084c48618340e5e62e63e930;/167965a7c2104e1fa3b399440abc763d/9b33d666084c48618340e5e62e63e930;;
0;7a6049377fc94c748de9681ee3eed177;vertical;;;;Lecture Video;/167965a7c2104e1fa3b399440abc763d/9b33d666084c48618340e5e62e63e930/7a6049377fc94c748de9681ee3eed177;;
0;e2112b9343294e5c960db57e8df408b4;vertical;;;;Peer-Learning Question;/167965a7c2104e1fa3b399440abc763d/9b33d666084c48618340e5e62e63e930/e2112b9343294e5c960db57e8df408b4;;
0;db225798322c4e0a9a6f7aa27da64a25;vertical;;;;Peer-Learning Question Video;/167965a7c2104e1fa3b399440abc763d/9b33d666084c48618340e5e62e63e930/db225798322c4e0a9a6f7aa27da64a25;;
0;511164bac2e14caf9aaa3ec34eed72bf;sequential;;;;511164bac2e14caf9aaa3ec34eed72bf;/167965a7c2104e1fa3b399440abc763d/511164bac2e14caf9aaa3ec34eed72bf;;
0;a916170c3a7e45ac9550819149a3701d;vertical;;;;Lecture Video;/167965a7c2104e1fa3b399440abc763d/511164bac2e14caf9aaa3ec34eed72bf/a916170c3a7e45ac9550819149a3701d;;
0;bdc9ce7d09c246b8bbd5a28812609015;vertical;;;;Peer-Learning Question;/167965a7c2104e1fa3b399440abc763d/511164bac2e14caf9aaa3ec34eed72bf/bdc9ce7d09c246b8bbd5a28812609015;;
0;739b064c93334caeb593e82af210bf94;vertical;;;;Peer-Learning Question Video;/167965a7c2104e1fa3b399440abc763d/511164bac2e14caf9aaa3ec34eed72bf/739b064c93334caeb593e82af210bf94;;
0;439befe5ead24c3fa1fa8ecf06fa39b8;sequential;;;;439befe5ead24c3fa1fa8ecf06fa39b8;/167965a7c2104e1fa3b399440abc763d/439befe5ead24c3fa1fa8ecf06fa39b8;;
0;3b3ce8ed591c444d8d584c984cb18b5f;vertical;;;;Lecture Video;/167965a7c2104e1fa3b399440abc763d/439befe5ead24c3fa1fa8ecf06fa39b8/3b3ce8ed591c444d8d584c984cb18b5f;;
0;465969a1a71c42178760a07a3b83e176;vertical;;;;Peer-Learning Question;/167965a7c2104e1fa3b399440abc763d/439befe5ead24c3fa1fa8ecf06fa39b8/465969a1a71c42178760a07a3b83e176;;
0;a5a213779ef14609b1f66bfb939d7b37;vertical;;;;Peer-Learning Question Video;/167965a7c2104e1fa3b399440abc763d/439befe5ead24c3fa1fa8ecf06fa39b8/a5a213779ef14609b1f66bfb939d7b37;;
0;c1746e93356d4d929377bd6acd3a1a47;sequential;;;;c1746e93356d4d929377bd6acd3a1a47;/167965a7c2104e1fa3b399440abc763d/c1746e93356d4d929377bd6acd3a1a47;;
0;e8839d729f0f4515b94b34f09406283b;vertical;;;;Lecture Video;/167965a7c2104e1fa3b399440abc763d/c1746e93356d4d929377bd6acd3a1a47/e8839d729f0f4515b94b34f09406283b;;
0;78ba692921c9465e919c8b85a7412c57;vertical;;;;Peer-Learning Question;/167965a7c2104e1fa3b399440abc763d/c1746e93356d4d929377bd6acd3a1a47/78ba692921c9465e919c8b85a7412c57;;
0;935d61fd9ed04fcf82bf316bc926d127;vertical;;;;Peer-Learning Question Video;/167965a7c2104e1fa3b399440abc763d/c1746e93356d4d929377bd6acd3a1a47/935d61fd9ed04fcf82bf316bc926d127;;
0;104501c0d4524785ad9ea1e47f4d1017;sequential;;;;104501c0d4524785ad9ea1e47f4d1017;/167965a7c2104e1fa3b399440abc763d/104501c0d4524785ad9ea1e47f4d1017;;
0;70871889ebd949a1825334065cb1d1b9;vertical;;;;Lecture Video;/167965a7c2104e1fa3b399440abc763d/104501c0d4524785ad9ea1e47f4d1017/70871889ebd949a1825334065cb1d1b9;;
0;86f406ccc6b842d8a4c3d04bded9cf47;vertical;;;;Peer-Learning Question;/167965a7c2104e1fa3b399440abc763d/104501c0d4524785ad9ea1e47f4d1017/86f406ccc6b842d8a4c3d04bded9cf47;;
0;2bfa1e6ae56a40eab39e50b9b2f6ed0b;vertical;;;;Peer-Learning Question Video;/167965a7c2104e1fa3b399440abc763d/104501c0d4524785ad9ea1e47f4d1017/2bfa1e6ae56a40eab39e50b9b2f6ed0b;;
0;1a45d849cc674854b208fac05247a2ac;sequential;;;;1a45d849cc674854b208fac05247a2ac;/167965a7c2104e1fa3b399440abc763d/1a45d849cc674854b208fac05247a2ac;;
0;a9c44daf884b4e7c8bbd4adebe75a5e9;vertical;;;;Lecture Video;/167965a7c2104e1fa3b399440abc763d/1a45d849cc674854b208fac05247a2ac/a9c44daf884b4e7c8bbd4adebe75a5e9;;
0;2f5f9b08c1eb486b8b1b33c3da027d48;vertical;;;;Peer-Learning Question;/167965a7c2104e1fa3b399440abc763d/1a45d849cc674854b208fac05247a2ac/2f5f9b08c1eb486b8b1b33c3da027d48;;
0;73e3fa64364c4a60913a9012591efe18;vertical;;;;Peer-Learning Question Video;/167965a7c2104e1fa3b399440abc763d/1a45d849cc674854b208fac05247a2ac/73e3fa64364c4a60913a9012591efe18;;
0;f0f696ec03eb42fbb7ab37c27f05241b;sequential;;;;f0f696ec03eb42fbb7ab37c27f05241b;/167965a7c2104e1fa3b399440abc763d/f0f696ec03eb42fbb7ab37c27f05241b;;
0;0fe00ee9b86349aa88a5b7997a100d20;vertical;;;;Lecture Video;/167965a7c2104e1fa3b399440abc763d/f0f696ec03eb42fbb7ab37c27f05241b/0fe00ee9b86349aa88a5b7997a100d20;;
0;c7e6488b90fe4afc8109697f4cee0cd7;vertical;;;;Peer-Learning Question;/167965a7c2104e1fa3b399440abc763d/f0f696ec03eb42fbb7ab37c27f05241b/c7e6488b90fe4afc8109697f4cee0cd7;;
0;e4cfe0f946774ff1817474acae3bb634;vertical;;;;Peer-Learning Question Video;/167965a7c2104e1fa3b399440abc763d/f0f696ec03eb42fbb7ab37c27f05241b/e4cfe0f946774ff1817474acae3bb634;;
0;780d21aa832e4adf84a42d5a3506732b;sequential;;;;780d21aa832e4adf84a42d5a3506732b;/167965a7c2104e1fa3b399440abc763d/780d21aa832e4adf84a42d5a3506732b;;
0;ebaf9858b8ce44b7bab0971cee9e23f7;vertical;;;;Lecture Video;/167965a7c2104e1fa3b399440abc763d/780d21aa832e4adf84a42d5a3506732b/ebaf9858b8ce44b7bab0971cee9e23f7;;
0;68d60571dc274266b831dcf0b27b3fc0;vertical;;;;Peer-Learning Question;/167965a7c2104e1fa3b399440abc763d/780d21aa832e4adf84a42d5a3506732b/68d60571dc274266b831dcf0b27b3fc0;;
0;00c8d3b629434973a48983eadce9f858;sequential;;;;00c8d3b629434973a48983eadce9f858;/167965a7c2104e1fa3b399440abc763d/00c8d3b629434973a48983eadce9f858;;
0;2c7a70b1282f4b48b24437e9d324357c;vertical;;;;Lecture Video;/167965a7c2104e1fa3b399440abc763d/00c8d3b629434973a48983eadce9f858/2c7a70b1282f4b48b24437e9d324357c;;
0;9d2363e470e84e2b85907bc4f107f21a;vertical;;;;Peer-Learning Question;/167965a7c2104e1fa3b399440abc763d/00c8d3b629434973a48983eadce9f858/9d2363e470e84e2b85907bc4f107f21a;;
0;a351851742824dc8a1b6e88f265d0f7a;vertical;;;;Peer-Learning Question Video;/167965a7c2104e1fa3b399440abc763d/00c8d3b629434973a48983eadce9f858/a351851742824dc8a1b6e88f265d0f7a;;
0;a5d4ab1739b74c059fa64ba702fe8cc2;sequential;;;;a5d4ab1739b74c059fa64ba702fe8cc2;/167965a7c2104e1fa3b399440abc763d/a5d4ab1739b74c059fa64ba702fe8cc2;;
0;048f6d43a3fd4e9c909b0d866223fedd;vertical;;;;Lecture Video;/167965a7c2104e1fa3b399440abc763d/a5d4ab1739b74c059fa64ba702fe8cc2/048f6d43a3fd4e9c909b0d866223fedd;;
0;9996e9aa19e14a36ba8ddbcc236245d4;vertical;;;;Peer-Learning Question;/167965a7c2104e1fa3b399440abc763d/a5d4ab1739b74c059fa64ba702fe8cc2/9996e9aa19e14a36ba8ddbcc236245d4;;
0;80ce579c8afe48eea6c9554b095e3880;vertical;;;;Peer-Learning Question Video;/167965a7c2104e1fa3b399440abc763d/a5d4ab1739b74c059fa64ba702fe8cc2/80ce579c8afe48eea6c9554b095e3880;;
0;9a653ee6f9534b6cbf9d8e44966634a1;sequential;;;;9a653ee6f9534b6cbf9d8e44966634a1;/167965a7c2104e1fa3b399440abc763d/9a653ee6f9534b6cbf9d8e44966634a1;;
0;bc2e7037176c4aa491a29c2a6edaee5e;vertical;;;;Armando's Computer History Minute;/167965a7c2104e1fa3b399440abc763d/9a653ee6f9534b6cbf9d8e44966634a1/bc2e7037176c4aa491a29c2a6edaee5e;;
0;5208a178b37d45fba5b592daa35f2c14;chapter;;;;Practical DevOps: Deployment, Upgrades, Performance, Security;/5208a178b37d45fba5b592daa35f2c14;;
0;2accd84dfedb49588d8b318fe1e76f17;sequential;;;;2accd84dfedb49588d8b318fe1e76f17;/5208a178b37d45fba5b592daa35f2c14/2accd84dfedb49588d8b318fe1e76f17;;
0;a021f367795247a4999d613f58657ffa;sequential;;;;a021f367795247a4999d613f58657ffa;/5208a178b37d45fba5b592daa35f2c14/a021f367795247a4999d613f58657ffa;;
0;d09dea8629fd446591296ce9b235e305;vertical;;;;Lecture Video;/5208a178b37d45fba5b592daa35f2c14/a021f367795247a4999d613f58657ffa/d09dea8629fd446591296ce9b235e305;;
0;cddd0ebec24f4270999cd1d0c65b5b34;vertical;;;;Peer-Learning Question;/5208a178b37d45fba5b592daa35f2c14/a021f367795247a4999d613f58657ffa/cddd0ebec24f4270999cd1d0c65b5b34;;
0;8d600a31127d4cc19b87f3c44cba8171;vertical;;;;Peer-Learning Question Video;/5208a178b37d45fba5b592daa35f2c14/a021f367795247a4999d613f58657ffa/8d600a31127d4cc19b87f3c44cba8171;;
0;423327adcbae4430b3581b97f092749c;sequential;;;;423327adcbae4430b3581b97f092749c;/5208a178b37d45fba5b592daa35f2c14/423327adcbae4430b3581b97f092749c;;
0;5e5aa8fd3d0647759afc4a52a2e76e6d;vertical;;;;Lecture Video;/5208a178b37d45fba5b592daa35f2c14/423327adcbae4430b3581b97f092749c/5e5aa8fd3d0647759afc4a52a2e76e6d;;
0;7d920666dfc6419b9de45be924b7b434;vertical;;;;Peer-Learning Question;/5208a178b37d45fba5b592daa35f2c14/423327adcbae4430b3581b97f092749c/7d920666dfc6419b9de45be924b7b434;;
0;4a45e05f4c7a421ba68f85113f0ccaed;vertical;;;;Peer-Learning Question Video;/5208a178b37d45fba5b592daa35f2c14/423327adcbae4430b3581b97f092749c/4a45e05f4c7a421ba68f85113f0ccaed;;
0;4f770b6229f0481280d7c8b562043556;sequential;;;;4f770b6229f0481280d7c8b562043556;/5208a178b37d45fba5b592daa35f2c14/4f770b6229f0481280d7c8b562043556;;
0;9155dfcaa2ca4f82b1545139c7395b2c;vertical;;;;Lecture Video;/5208a178b37d45fba5b592daa35f2c14/4f770b6229f0481280d7c8b562043556/9155dfcaa2ca4f82b1545139c7395b2c;;
0;f14e2459249e4cf3b43a96e1e3f643b8;vertical;;;;Peer-Learning Question;/5208a178b37d45fba5b592daa35f2c14/4f770b6229f0481280d7c8b562043556/f14e2459249e4cf3b43a96e1e3f643b8;;
0;d05293e5e7464f1a86f0a39a3628e1b4;vertical;;;;Peer-Learning Question Video;/5208a178b37d45fba5b592daa35f2c14/4f770b6229f0481280d7c8b562043556/d05293e5e7464f1a86f0a39a3628e1b4;;
0;54ac7a621d1e41c1829a007e7ccc75da;sequential;;;;54ac7a621d1e41c1829a007e7ccc75da;/5208a178b37d45fba5b592daa35f2c14/54ac7a621d1e41c1829a007e7ccc75da;;
0;64c3463042c5403e919487d4c20fbdad;vertical;;;;Lecture Video;/5208a178b37d45fba5b592daa35f2c14/54ac7a621d1e41c1829a007e7ccc75da/64c3463042c5403e919487d4c20fbdad;;
0;bc1c9651e72a428cb1e8834dc4817e9f;vertical;;;;Peer-Learning Question;/5208a178b37d45fba5b592daa35f2c14/54ac7a621d1e41c1829a007e7ccc75da/bc1c9651e72a428cb1e8834dc4817e9f;;
0;c82f3df3ab3f4e81b0b711431dea3db3;vertical;;;;Peer-Learning Question Video;/5208a178b37d45fba5b592daa35f2c14/54ac7a621d1e41c1829a007e7ccc75da/c82f3df3ab3f4e81b0b711431dea3db3;;
0;05a680079d5d41c1b1960f49fd160a31;sequential;;;;05a680079d5d41c1b1960f49fd160a31;/5208a178b37d45fba5b592daa35f2c14/05a680079d5d41c1b1960f49fd160a31;;
0;842488fd535a4a85927bf1bc5ed96db5;vertical;;;;Lecture Video;/5208a178b37d45fba5b592daa35f2c14/05a680079d5d41c1b1960f49fd160a31/842488fd535a4a85927bf1bc5ed96db5;;
0;e555be7f40e047f781ba2918a91d7247;vertical;;;;Peer-Learning Question;/5208a178b37d45fba5b592daa35f2c14/05a680079d5d41c1b1960f49fd160a31/e555be7f40e047f781ba2918a91d7247;;
0;bae817521eab41888c8da0147b175503;vertical;;;;Peer-Learning Question Video;/5208a178b37d45fba5b592daa35f2c14/05a680079d5d41c1b1960f49fd160a31/bae817521eab41888c8da0147b175503;;
0;7ddb0a08e85641c2b45da1dea7e3dfff;sequential;;;;7ddb0a08e85641c2b45da1dea7e3dfff;/5208a178b37d45fba5b592daa35f2c14/7ddb0a08e85641c2b45da1dea7e3dfff;;
0;88f72d1cbce64d57aee3c20683144bbd;vertical;;;;Lecture Video;/5208a178b37d45fba5b592daa35f2c14/7ddb0a08e85641c2b45da1dea7e3dfff/88f72d1cbce64d57aee3c20683144bbd;;
0;2264c5709fa24fe78b2f76d5b7fd4ac1;vertical;;;;Peer-Learning Question;/5208a178b37d45fba5b592daa35f2c14/7ddb0a08e85641c2b45da1dea7e3dfff/2264c5709fa24fe78b2f76d5b7fd4ac1;;
0;ae405372768143faa27b8dac11ac1872;vertical;;;;Peer-Learning Question Video;/5208a178b37d45fba5b592daa35f2c14/7ddb0a08e85641c2b45da1dea7e3dfff/ae405372768143faa27b8dac11ac1872;;
0;fcdd8b058f184a9db08967978511a44b;sequential;;;;fcdd8b058f184a9db08967978511a44b;/5208a178b37d45fba5b592daa35f2c14/fcdd8b058f184a9db08967978511a44b;;
0;8facf5aa31fb4803aac93cf0db86bf5e;vertical;;;;Lecture Video;/5208a178b37d45fba5b592daa35f2c14/fcdd8b058f184a9db08967978511a44b/8facf5aa31fb4803aac93cf0db86bf5e;;
0;d472552194514a5886226aaed7d1400b;vertical;;;;Peer-Learning Question;/5208a178b37d45fba5b592daa35f2c14/fcdd8b058f184a9db08967978511a44b/d472552194514a5886226aaed7d1400b;;
0;24e06644077f40838a5d06132ba82828;vertical;;;;Peer-Learning Question Video;/5208a178b37d45fba5b592daa35f2c14/fcdd8b058f184a9db08967978511a44b/24e06644077f40838a5d06132ba82828;;
0;72ea5c4cbed544f78f1d1e4bf45cde9c;sequential;;;;72ea5c4cbed544f78f1d1e4bf45cde9c;/5208a178b37d45fba5b592daa35f2c14/72ea5c4cbed544f78f1d1e4bf45cde9c;;
0;3feee80166da4db49932320de76ac1b2;vertical;;;;Lecture Video;/5208a178b37d45fba5b592daa35f2c14/72ea5c4cbed544f78f1d1e4bf45cde9c/3feee80166da4db49932320de76ac1b2;;
0;1c3e9fa0671b48078505bc6b1649e271;vertical;;;;Peer-Learning Question;/5208a178b37d45fba5b592daa35f2c14/72ea5c4cbed544f78f1d1e4bf45cde9c/1c3e9fa0671b48078505bc6b1649e271;;
0;67d1887cea124b0799e89fbf6de5bb66;vertical;;;;Peer-Learning Question Video;/5208a178b37d45fba5b592daa35f2c14/72ea5c4cbed544f78f1d1e4bf45cde9c/67d1887cea124b0799e89fbf6de5bb66;;
0;401174644c72474683411f9e3b7aa19f;sequential;;;;401174644c72474683411f9e3b7aa19f;/5208a178b37d45fba5b592daa35f2c14/401174644c72474683411f9e3b7aa19f;;
0;407a3535d2f74034970d4d57268421f5;vertical;;;;Lecture Video;/5208a178b37d45fba5b592daa35f2c14/401174644c72474683411f9e3b7aa19f/407a3535d2f74034970d4d57268421f5;;
0;29e1ab81ef2d4817b86e55a7c812488d;vertical;;;;Peer-Learning Question;/5208a178b37d45fba5b592daa35f2c14/401174644c72474683411f9e3b7aa19f/29e1ab81ef2d4817b86e55a7c812488d;;
0;aecd4f282e104f40bd836e7ab99bd082;vertical;;;;Peer-Learning Question Video;/5208a178b37d45fba5b592daa35f2c14/401174644c72474683411f9e3b7aa19f/aecd4f282e104f40bd836e7ab99bd082;;
0;e7878a99b7c0456ba0f7cf9bf5fb3dcc;sequential;;;;e7878a99b7c0456ba0f7cf9bf5fb3dcc;/5208a178b37d45fba5b592daa35f2c14/e7878a99b7c0456ba0f7cf9bf5fb3dcc;;
0;d0c74ba8dbc54f2f9140df073357b297;vertical;;;;Lecture Video;/5208a178b37d45fba5b592daa35f2c14/e7878a99b7c0456ba0f7cf9bf5fb3dcc/d0c74ba8dbc54f2f9140df073357b297;;
0;d96eca43c1d3413788f7ff7b5009bfc0;vertical;;;;Peer-Learning Question;/5208a178b37d45fba5b592daa35f2c14/e7878a99b7c0456ba0f7cf9bf5fb3dcc/d96eca43c1d3413788f7ff7b5009bfc0;;
0;84c04914b73f4f228e0932f32870b716;vertical;;;;Peer-Learning Question Video;/5208a178b37d45fba5b592daa35f2c14/e7878a99b7c0456ba0f7cf9bf5fb3dcc/84c04914b73f4f228e0932f32870b716;;
0;550f86dccc53435dadf9583ae873fce4;chapter;;;;Final Exam;/550f86dccc53435dadf9583ae873fce4;;
0;5272ae89bacb41088aefe55d1e7edb98;sequential;;;;5272ae89bacb41088aefe55d1e7edb98;/550f86dccc53435dadf9583ae873fce4/5272ae89bacb41088aefe55d1e7edb98;;
0;18872bac3b60453bae7c9e00f3660663;chapter;;;;Refactoring & Legacy;/18872bac3b60453bae7c9e00f3660663;;
0;ec766c87cbc7467b9a693078eb78d2c8;sequential;;;;ec766c87cbc7467b9a693078eb78d2c8;/18872bac3b60453bae7c9e00f3660663/ec766c87cbc7467b9a693078eb78d2c8;;
0;1e7dab092ab945b4a475f836ca189e7c;vertical;;;;Homework 5 Part 1: Refactoring & Legacy;/18872bac3b60453bae7c9e00f3660663/ec766c87cbc7467b9a693078eb78d2c8/1e7dab092ab945b4a475f836ca189e7c;;
0;8314b0d6edae49b6a4e55d72b521ab88;vertical;;;;Part 0: Getting Set UP;/18872bac3b60453bae7c9e00f3660663/ec766c87cbc7467b9a693078eb78d2c8/8314b0d6edae49b6a4e55d72b521ab88;;
0;a668ddf2494a4a8caa11b05eabafe4cb;vertical;;;;Part 1: Specify Features;/18872bac3b60453bae7c9e00f3660663/ec766c87cbc7467b9a693078eb78d2c8/a668ddf2494a4a8caa11b05eabafe4cb;;
0;8b5cd0acf4cf46db8db9913a84074902;vertical;;;;Part 2: Start driving changes through specs;/18872bac3b60453bae7c9e00f3660663/ec766c87cbc7467b9a693078eb78d2c8/8b5cd0acf4cf46db8db9913a84074902;;
0;f83eaa410d4b4b218351d4fc06f13d46;vertical;;;;Submission;/18872bac3b60453bae7c9e00f3660663/ec766c87cbc7467b9a693078eb78d2c8/f83eaa410d4b4b218351d4fc06f13d46;;
0;d6798f74bed740fa84dffae34ff77a42;sequential;;;;d6798f74bed740fa84dffae34ff77a42;/18872bac3b60453bae7c9e00f3660663/d6798f74bed740fa84dffae34ff77a42;;
0;e00cc97c51d546de86e28564e7d300ee;vertical;;;;Lecture Video;/18872bac3b60453bae7c9e00f3660663/d6798f74bed740fa84dffae34ff77a42/e00cc97c51d546de86e28564e7d300ee;;
0;bd1be04dc3024319b9a074a28e1db864;vertical;;;;Peer-Learning Question;/18872bac3b60453bae7c9e00f3660663/d6798f74bed740fa84dffae34ff77a42/bd1be04dc3024319b9a074a28e1db864;;
0;042c56612c60429eba5df47c9500edec;vertical;;;;Peer-Learning Question Video;/18872bac3b60453bae7c9e00f3660663/d6798f74bed740fa84dffae34ff77a42/042c56612c60429eba5df47c9500edec;;
0;fab7934032564e0097a7cf308251725f;sequential;;;;fab7934032564e0097a7cf308251725f;/18872bac3b60453bae7c9e00f3660663/fab7934032564e0097a7cf308251725f;;
0;b57e7ccefbb64b748c94e209a9a96d9b;vertical;;;;Lecture Video;/18872bac3b60453bae7c9e00f3660663/fab7934032564e0097a7cf308251725f/b57e7ccefbb64b748c94e209a9a96d9b;;
0;7eaa3a72a8384e40ba755f510a7aed49;vertical;;;;Peer-Learning Question;/18872bac3b60453bae7c9e00f3660663/fab7934032564e0097a7cf308251725f/7eaa3a72a8384e40ba755f510a7aed49;;
0;07729f53c1c84c7cb0c89f746d62fe23;vertical;;;;Peer-Learning Question Video;/18872bac3b60453bae7c9e00f3660663/fab7934032564e0097a7cf308251725f/07729f53c1c84c7cb0c89f746d62fe23;;
0;a77497d217674331a1072aa898afbe98;sequential;;;;a77497d217674331a1072aa898afbe98;/18872bac3b60453bae7c9e00f3660663/a77497d217674331a1072aa898afbe98;;
0;e9bd437a720e4132a1fc17dd7890360d;vertical;;;;Lecture Video;/18872bac3b60453bae7c9e00f3660663/a77497d217674331a1072aa898afbe98/e9bd437a720e4132a1fc17dd7890360d;;
0;5d4f5a46a6284aaeb0982dfdd5777658;vertical;;;;Peer-Learning Question;/18872bac3b60453bae7c9e00f3660663/a77497d217674331a1072aa898afbe98/5d4f5a46a6284aaeb0982dfdd5777658;;
0;acf5162900b54e7596901bd4388d57f0;vertical;;;;Peer-Learning Question Video ;/18872bac3b60453bae7c9e00f3660663/a77497d217674331a1072aa898afbe98/acf5162900b54e7596901bd4388d57f0;;
0;d93e0613535d4cd991a787aabe725b7a;sequential;;;;d93e0613535d4cd991a787aabe725b7a;/18872bac3b60453bae7c9e00f3660663/d93e0613535d4cd991a787aabe725b7a;;
0;15b2b432fc954a078c6da2d822e8b92a;vertical;;;;Lecture Video ;/18872bac3b60453bae7c9e00f3660663/d93e0613535d4cd991a787aabe725b7a/15b2b432fc954a078c6da2d822e8b92a;;
0;8abd831c3df44ae1af7c4321aa232a1b;vertical;;;;Peer-Learning Question;/18872bac3b60453bae7c9e00f3660663/d93e0613535d4cd991a787aabe725b7a/8abd831c3df44ae1af7c4321aa232a1b;;
0;ad2eb5fc6a974f19a22c0d84e5f5e7a7;vertical;;;;Peer Learning Question Video;/18872bac3b60453bae7c9e00f3660663/d93e0613535d4cd991a787aabe725b7a/ad2eb5fc6a974f19a22c0d84e5f5e7a7;;
0;4ec098b2404c4dc3a7aee5ffd45aa28f;sequential;;;;4ec098b2404c4dc3a7aee5ffd45aa28f;/18872bac3b60453bae7c9e00f3660663/4ec098b2404c4dc3a7aee5ffd45aa28f;;
0;2162a15c4c1e40268696b90293e658f4;vertical;;;;Lecture Video;/18872bac3b60453bae7c9e00f3660663/4ec098b2404c4dc3a7aee5ffd45aa28f/2162a15c4c1e40268696b90293e658f4;;
0;b3b4185d3fe5464bb9d1466c24bfb990;vertical;;;;Peer-Learning Question;/18872bac3b60453bae7c9e00f3660663/4ec098b2404c4dc3a7aee5ffd45aa28f/b3b4185d3fe5464bb9d1466c24bfb990;;
0;03e1a88971c14fbaaf3bb54efdcf77f5;vertical;;;;Peer-Learning Question Video;/18872bac3b60453bae7c9e00f3660663/4ec098b2404c4dc3a7aee5ffd45aa28f/03e1a88971c14fbaaf3bb54efdcf77f5;;
0;dde977553c564d708342b165da98765d;sequential;;;;dde977553c564d708342b165da98765d;/18872bac3b60453bae7c9e00f3660663/dde977553c564d708342b165da98765d;;
0;b015094b690e4ec8a2b77682a3081207;vertical;;;;Lecture Video;/18872bac3b60453bae7c9e00f3660663/dde977553c564d708342b165da98765d/b015094b690e4ec8a2b77682a3081207;;
0;a8cca6dcbdb04ee7b6e74264a01ddfc6;vertical;;;;Peer-Learning Question;/18872bac3b60453bae7c9e00f3660663/dde977553c564d708342b165da98765d/a8cca6dcbdb04ee7b6e74264a01ddfc6;;
0;1b8b5b44df0a4b3687f12f529141df37;vertical;;;;Peer-Learning Question Video;/18872bac3b60453bae7c9e00f3660663/dde977553c564d708342b165da98765d/1b8b5b44df0a4b3687f12f529141df37;;
0;c1dabc5ee2634fb08635dcd6daeb81ab;sequential;;;;c1dabc5ee2634fb08635dcd6daeb81ab;/18872bac3b60453bae7c9e00f3660663/c1dabc5ee2634fb08635dcd6daeb81ab;;
0;19b7d1680d1f49ec894accf0a49d98d8;vertical;;;;Fix the bug;/18872bac3b60453bae7c9e00f3660663/c1dabc5ee2634fb08635dcd6daeb81ab/19b7d1680d1f49ec894accf0a49d98d8;;
0;29f579ed508b47aabea59f9814584763;vertical;;;;Submission;/18872bac3b60453bae7c9e00f3660663/c1dabc5ee2634fb08635dcd6daeb81ab/29f579ed508b47aabea59f9814584763;;
